cluster_id,cluster_size,avg_similarity,profitability_score,expected_return,risk,sharpe_ratio,signal_strength,total_signals
10,9,0.8920673030302678,1.2990389323554574,0.005940155785788873,0.0027024319207045494,2.198077864710915,0.0,0
12,10,0.9093672069633316,1.0444788762008188,0.0061625055274087005,0.003648703183158867,1.6889577524016375,0.0,0
14,11,0.8983472435757368,0.5549494621527917,0.004807509303698111,0.006772103941981278,0.7098989243055834,0.0,0
16,10,0.899909588361391,0.5302242392441818,0.00445150522397726,0.006740124883270045,0.6604484784883635,0.0,0
18,15,0.8928434919714048,0.6681467013030815,0.007470541615560505,0.007978846796064493,0.9362934026061629,0.0,0
20,22,0.8971458601934944,0.717812035418528,0.008656794408862543,0.008359012360407557,1.035624070837056,0.0,0
23,6,0.921895679311045,0.7148737205285702,0.00531863913903951,0.0051649937906904485,1.0297474410571406,0.0,0
25,5,0.9174138527875696,0.623252015259343,0.003142405799441017,0.0037122159920674473,0.8465040305186861,0.0,0
27,5,0.9142723732896263,-0.15143861632456088,-0.0006782131639184198,0.002239234550535261,-0.30287723264912175,0.0,0
29,5,0.9330645061791566,-1.915648021003678,-0.006588682802359963,0.0017197007827429362,-3.831296042007356,0.0,0
31,13,0.8990535600767556,-0.5186391885621758,-0.0030360806305225097,0.0029269680130992806,-1.0372783771243517,0.0,0
33,20,0.8926936424644378,-0.5286506954772123,-0.0018790875146380893,0.0017772486924866704,-1.0573013909544247,0.0,0
35,10,0.8946864353520352,-0.5520201816892216,-0.0014790264219171163,0.0013396488669953955,-1.1040403633784432,0.0,0
45,6,0.919272719638521,1.1063674535908186,0.002193874752133496,0.0012809190394464434,1.712734907181637,0.16666666666666666,1
47,6,0.922089616723596,2.7467856987944668,0.004472842709847082,0.0008781348803639669,5.093571397588933,0.0,0
49,13,0.8870125871879497,1.0770255542615577,0.004208541326893726,0.0023993265113222695,1.7540511085231154,0.0,0
58,12,0.8997782960990502,-0.5024725218517684,-0.0030406469460391764,0.003025684802457895,-1.0049450437035368,0.0,0
60,54,0.8871343380387176,-0.414955023306564,-0.018178437574906208,0.021904105931832746,-0.829910046613128,0.0,0
65,109,0.9174551213155376,-0.40320745112036266,-0.021698097119878416,0.026544480083565043,-0.8174240765526519,0.01834862385321101,2
73,77,0.9046953614594334,-0.35005299707812454,-0.020380643862821533,0.02847689948815522,-0.7156904097406647,0.025974025974025976,2
76,18,0.883421153776783,-0.3905771554189698,-0.008864177945556726,0.011347537640864037,-0.7811543108379396,0.0,0
84,38,0.8894009569935185,0.4531458792768493,0.011718132185109103,0.02314501863230754,0.5062917585536986,0.0,0
86,69,0.8871888755802393,0.40332141484265516,0.010793710265587928,0.02654346634844363,0.4066428296853103,0.0,0
88,82,0.8895731195199749,0.37539865703908915,0.01211842683144971,0.034545380894076654,0.3507973140781783,0.0,0
90,45,0.8868714002295296,0.33480826350850845,0.009034787233453115,0.0335097678670228,0.2696165270170169,0.0,0
92,12,0.8913614975764751,-0.06193200065545861,-0.00023506840554075878,0.0018977943797463947,-0.12386400131091722,0.0,0
113,15,0.8918958422265274,-0.04842745815240486,-0.001832777070567248,0.01892291212971947,-0.09685491630480972,0.0,0
115,6,0.9039884157560124,0.40463942552773147,0.017586115774369807,0.04296854266722579,0.40927885105546297,0.0,0
117,7,0.9098198387029592,0.46605743008204775,0.028883396326380956,0.05428037908483478,0.5321148601640955,0.0,0
119,8,0.9048883706393068,0.46864650692194076,0.026948818067878577,0.05015665079112485,0.5372930138438815,0.0,0
121,6,0.9068647704577316,0.4090816283758274,0.016139938988036548,0.03859721945302809,0.4181632567516547,0.0,0
128,9,0.889936104205915,-0.385293572763377,-0.0023371746422527107,0.0030329790158322417,-0.770587145526754,0.0,0
134,5,0.906880969094415,0.8780844657642635,0.002695280790324632,0.0019874226047095793,1.356168931528527,0.0,0
148,21,0.8841450385827007,-0.026224856231411606,-0.0002373332614417461,0.004524967827230128,-0.05244971246282321,0.0,0
151,5,0.9270422789437012,-0.315548408701418,-0.0012557894775141723,0.001989852337842782,-0.631096817402836,0.0,0
159,10,0.9065281030753269,0.2984436253986166,0.003508528831190308,0.017819989953557797,0.1968872507972331,0.0,0
161,6,0.9198505303244452,-0.2673430303822934,-0.0006266397102329294,0.001171976896754801,-0.5346860607645868,0.0,0
172,10,0.8960841144931677,0.8886873746985926,0.01140277065896482,0.008278626179226313,1.377374749397185,0.0,0
176,5,0.9089822577889798,-0.2454948280374824,-0.0017656670486056228,0.003596138995514885,-0.4909896560749648,0.0,0
224,45,0.888159492986512,0.45188332527959857,0.01950810611444359,0.03872448899264961,0.5037666505591971,0.0,0
252,19,0.8977446661580852,1.0260000179102664,0.0052794968519261996,0.0031958212696429657,1.6520000358205327,0.0,0
254,47,0.8933633256833478,0.9597421413496197,0.005652688662008517,0.0037516558783882072,1.5067183252524308,0.02127659574468085,1
265,8,0.9036169698089003,1.4970007570386412,0.010952524907749691,0.004222250776767814,2.5940015140772825,0.0,0
274,5,0.9117956370504015,-0.7921472335201846,-0.0011976966366300929,0.0007559810764646031,-1.5842944670403691,0.0,0
277,11,0.9037443087422242,-0.13977374033776754,-0.000519655392269364,0.0018589163852008278,-0.2795474806755351,0.0,0
302,5,0.9128137317338549,-0.08836522584869519,-0.002262500037300619,0.012801981863174446,-0.17673045169739038,0.0,0
304,5,0.9005494780925455,0.31951990559600996,0.0008956103458441329,0.003746699519958589,0.23903981119201995,0.0,0
317,10,0.8986219820209629,-0.46242495624699836,-0.0021458426859437057,0.0023202063999304694,-0.9248499124939967,0.0,0
319,7,0.9024048455112338,-0.8818620998895459,-0.004564809393400778,0.0025881650849790033,-1.7637241997790918,0.0,0
321,31,0.8804832529058638,-0.34811795690372055,-0.017977044531114757,0.025820334996517706,-0.6962359138074411,0.0,0
326,12,0.8911587970522027,-1.9166412549305443,-0.01318504174900345,0.0034396217119622764,-3.8332825098610885,0.0,0
332,24,0.8801210407966483,-0.3585075538483737,-0.012218055809107809,0.017040165092693255,-0.7170151076967474,0.0,0
336,5,0.9046477053307515,1.012177651395563,0.007071187528770351,0.0043532271028511715,1.624355302791126,0.0,0
338,5,0.9100263832752098,1.312647356084726,0.009071705620914715,0.004076631095784458,2.225294712169452,0.0,0
340,5,0.9181208177924669,1.1860821308449578,0.011954997022751811,0.0060618667800560215,1.9721642616899158,0.0,0
342,12,0.8938260325530055,0.5280072958126378,0.01729927274447282,0.02637025603594256,0.6560145916252758,0.0,0
344,84,0.8823973168322441,0.45039505226902565,0.008111745049294817,0.01643227039570805,0.49364724739519417,0.011904761904761904,1
347,205,0.9208604016240307,0.4251788451237428,0.00838819784933393,0.018625634758727787,0.45035769024748556,0.0,0
370,67,0.8819270658466392,0.3823647552669551,0.01003308396457411,0.027508286757183854,0.3647295105339102,0.0,0
379,9,0.8970049969401577,-2.2813613884934836,-0.002557005310259951,0.0005604121563459289,-4.562722776986967,0.0,0
381,5,0.908635995219845,-2.2256179957646536,-0.0022697238796454966,0.0005099086824344466,-4.451235991529307,0.0,0
389,5,0.9174099518243617,0.393925754757537,0.00041671041705532185,0.001074407103832933,0.3878515095150739,0.0,0
396,38,0.876884328639399,0.8973319686288956,0.006817592477790589,0.004888340693167589,1.3946639372577911,0.0,0
400,6,0.9035829795235598,0.8077806989248595,0.002953796357084983,0.002429985323908882,1.215561397849719,0.0,0
407,5,0.9011063382321061,0.8406708915485699,0.006488250319365315,0.0050636375126100405,1.2813417830971396,0.0,0
417,23,0.8845835550149322,1.4901364754909185,0.004106930744775604,0.001607921566277214,2.554185994460098,0.043478260869565216,1
432,38,0.8883840741214801,0.5136250861371419,0.0022401103167193404,0.003571318774767568,0.6272501722742836,0.0,0
435,15,0.8913714161786391,-0.40169631323228755,-0.0017614435152688008,0.0021925064498291985,-0.8033926264645751,0.0,0
438,5,0.9121157449202432,-0.5721558057923132,-0.0015894792654585742,0.001389026598495742,-1.1443116115846264,0.0,0
444,5,0.8910128135984088,-0.07809170291930616,-0.00029290956045948546,0.0018754204960939015,-0.15618340583861232,0.0,0
448,5,0.9039210951023191,0.5979094583274366,0.0014249756397383814,0.0017905777431480156,0.7958189166548731,0.0,0
460,32,0.8753720404950414,0.7937055151430703,0.004903335130773354,0.004129433705522977,1.1874110302861407,0.0,0
462,21,0.8740976300313835,0.7418026857832125,0.0031173269633378623,0.0028768101793659024,1.083605371566425,0.0,0
464,21,0.8776173704264946,0.37288665030314283,0.014170980230952418,0.04098344263742963,0.3457733006062856,0.0,0
468,8,0.8800177035034915,0.4175949116888873,0.012186237755325737,0.02800212022593012,0.4351898233777745,0.0,0
479,5,0.8980733828090779,-0.7038122888399931,-0.0013863180837015152,0.0009848635109699576,-1.4076245776799863,0.0,0
481,5,0.9080995567687319,-0.8113540796009311,-0.001574938216322376,0.0009705615932177342,-1.6227081592018622,0.0,0
492,9,0.8894376001064018,-0.3357204155687799,-0.0022235760825358966,0.0033116485912372926,-0.6714408311375598,0.0,0
496,7,0.9022150509042586,1.4399673245016238,0.0056986322929708216,0.0022978961543447343,2.4799346490032477,0.0,0
512,6,0.9022197970791449,1.1454066041620772,0.005055257017870665,0.0026735888006363074,1.8908132083241544,0.0,0
548,5,0.9088393598999069,-0.4097758157212107,-0.0030909931745418213,0.0037715661295208867,-0.8195516314424214,0.0,0
550,17,0.9001769674705231,-1.0905063874246796,-0.007350107292184538,0.003370043209715818,-2.1810127748493593,0.0,0
566,7,0.8985789006052985,0.5411925267595449,0.03271460985285882,0.047941568597008585,0.6823850535190897,0.0,0
582,7,0.9096250928731073,-0.6033490543363171,-0.004103478713322418,0.003400584358117738,-1.2066981086726343,0.0,0
584,5,0.9193976417019911,-1.6044005658174751,-0.0037442463980694634,0.0011668677005737943,-3.2088011316349503,0.0,0
638,10,0.886553635728885,0.6616603274262604,0.002464176838532733,0.0026688202257603875,0.9233206548525207,0.0,0
659,11,0.8882273587282318,0.8527498223834336,0.004369426024683893,0.0033469377354477755,1.305499644766867,0.0,0
670,6,0.9156295560406017,-0.5111586972872754,-0.0008384233043613555,0.0008201203548045615,-1.0223173945745507,0.0,0
676,8,0.8968460409283049,2.426650232701058,0.002149818536845667,0.0004827472463508134,4.4533004654021155,0.0,0
697,9,0.8988323313142453,0.22457633287767254,7.395944091475916e-05,0.001504688296722065,0.049152665755345076,0.0,0
702,6,0.8980026037166416,-0.3420445085537902,-0.0011642433480105847,0.0017018886707656274,-0.6840890171075804,0.0,0
707,16,0.8841333804770417,0.5067705726200362,0.0016432024578855525,0.0026782269952613917,0.6135411452400725,0.0,0
741,12,0.8910777366921598,-1.025548171206855,-0.006919428728490175,0.003373526920899025,-2.05109634241371,0.0,0
806,5,0.9093921338640026,0.6555537979053462,0.04887352772694813,0.05364188373762932,0.9111075958106923,0.0,0
808,5,0.9183340674931573,0.707078475093875,0.05147523656325977,0.0507566768178537,1.0141569501877499,0.0,0
825,6,0.9014537598077511,0.9443620941263453,0.004475480775609132,0.003006252475055158,1.4887241882526905,0.0,0
853,49,0.8814239091721545,-0.3353998253778978,-0.01696610196826115,0.024838939129489722,-0.6830445487149793,0.02040816326530612,1
855,9,0.9022647453773897,0.4937419385003535,0.01016281162894697,0.01729887751274362,0.587483877000707,0.0,0
880,7,0.9044839086453557,0.6189607216247044,0.031033157972501838,0.037035879941390605,0.8379214432494086,0.0,0
892,100,0.896739731708317,0.7945326456788868,0.0054714831610713655,0.004624836178561105,1.1830652913577735,0.01,1
916,5,0.9094960871653088,0.9054958486829305,0.0010890706981938473,0.000771847701320285,1.4109916973658612,0.0,0
921,11,0.9016218510470074,1.7760241071529268,0.002956319307372584,0.0009379042154098608,3.1520482143058537,0.0,0
968,6,0.8901606587830612,-0.36702642680756786,-0.0009068118597222813,0.001235349546366212,-0.7340528536151357,0.0,0
1056,42,0.8764099197311124,0.4036959877148588,0.017933421504070075,0.04402006565090998,0.4073919754297176,0.0,0
1059,10,0.8927803237538482,0.7637075230640429,0.009214202510800157,0.008172857495954804,1.1274150461280859,0.0,0
3,6,0.9223652993384591,-0.40249379275580277,-0.0032973859914468997,0.004096194836782811,-0.8049875855116055,0.0,0
5,8,0.9234788622851046,-1.068810699429862,-0.005197912901008173,0.00243163401329202,-2.137621398859724,0.0,0
8,6,0.9326597448027053,-0.9441822024026632,-0.0028382522261773424,0.0015030214607704073,-1.8883644048053263,0.0,0
10,6,0.9208687187569741,-0.6787705079453942,-0.0011258678987789736,0.0008293435598630543,-1.3575410158907883,0.0,0
12,5,0.9159670794767492,-1.233574855100142,-0.0017325295404649033,0.0007022393222842792,-2.467149710200284,0.0,0
14,5,0.9247696769999593,-0.007931824111126223,-2.637484118369459e-05,0.0016625961956656197,-0.015863648222252447,0.0,0
21,32,0.8829891467347798,0.8341601993387429,0.014558024952591495,0.011478191920410306,1.2683203986774858,0.0,0
24,112,0.904761639338908,0.8156892439601926,0.014269042322998986,0.011638494207670536,1.2260213450632425,0.008928571428571428,1
27,76,0.8889568290124987,0.6481765154479572,0.01601743056252129,0.017869555867414982,0.8963530308959143,0.0,0
30,16,0.8886083716879702,0.5689487888766362,0.011425018334936306,0.015483203468051546,0.7378975777532726,0.0,0
33,17,0.895529746194506,0.2273458947752371,0.0002565661698913,0.00469112771770833,0.05469178955047413,0.0,0
36,16,0.8927525020836177,-0.32654605914114393,-0.0033850347906908516,0.005183089331400764,-0.6530921182822879,0.0,0
39,6,0.9302622839225759,-1.1499778444862858,-0.0030006361005608974,0.001304649526487761,-2.2999556889725716,0.0,0
65,14,0.8883440772063202,-0.6875717204319154,-0.009292890676859974,0.006757760972937058,-1.3751434408638308,0.0,0
69,135,0.9039407668238025,-0.627327685493958,-0.01684694832095594,0.013427550473633766,-1.254655370987916,0.0,0
73,136,0.8946572979808006,-0.5890984753311054,-0.014676865897027202,0.012457056427431768,-1.1781969506622108,0.0,0
76,62,0.8848630089971933,-0.4642555751966955,-0.012338380958775153,0.013288349799081717,-0.928511150393391,0.0,0
79,18,0.8843262742442599,-0.5858267719066684,-0.02321158800426752,0.019810965559598475,-1.1716535438133369,0.0,0
84,5,0.9131487433715011,-1.80657657286728,-0.005521173841596538,0.0015280763418828388,-3.61315314573456,0.0,0
86,37,0.8820811698061632,-0.6903980546743891,-0.00943175966130556,0.006830667900530108,-1.3807961093487782,0.0,0
91,32,0.8870401632014342,-0.7315276168620642,-0.004795294391385052,0.0032775894449171873,-1.4630552337241285,0.0,0
93,8,0.9081565087537384,-1.025859532597614,-0.003995640172143224,0.0019474596887673924,-2.051719065195228,0.0,0
108,8,0.8905342222420258,1.7195205080841909,0.007694951008484894,0.002532032627248538,3.039041016168382,0.0,0
130,17,0.8830441012728596,0.4719862546713094,0.017979373477321908,0.03305198915116072,0.5439725093426188,0.0,0
133,7,0.8906641804704953,0.20828732218874094,2.8364692513641082e-05,0.0017113303831831858,0.016574644377481868,0.0,0
136,5,0.9008714220013296,-0.34766239577677266,-0.0040224610136301705,0.005785010203135279,-0.6953247915535453,0.0,0
149,17,0.8931509194183402,-0.589692476379098,-0.00781793494623917,0.006628823716934471,-1.179384952758196,0.0,0
173,29,0.8739843796120433,-0.7701982463293169,-0.024786590655479983,0.01609104589215195,-1.5403964926586338,0.0,0
208,6,0.9061159998791225,0.44249149014193634,0.0007657635449840932,0.0015789493159860427,0.48498298028387266,0.0,0
211,9,0.9028840209712313,0.4653680721251543,0.002535748998937969,0.004777795947023434,0.5307361442503086,0.0,0
221,38,0.873191574809497,0.5483403497357566,0.01945887089001099,0.02793083101738295,0.6966806994715132,0.0,0
223,5,0.8965696262789956,0.8559061854580898,0.005617474103485736,0.004282223760065968,1.3118123709161797,0.0,0
234,7,0.8914276306170927,1.2568828434921795,0.006614904221834253,0.003129440629378142,2.113765686984359,0.0,0
236,15,0.8878585767841713,0.7187232601266904,0.004775052515892822,0.004602697510351268,1.0374465202533807,0.0,0
238,56,0.8862726480796486,0.6393702522084357,0.011261769472560709,0.012815807870417868,0.8787405044168715,0.0,0
242,96,0.9011972626543604,0.5598419919316338,0.01832094290408245,0.025679941407996808,0.7134339838632676,0.010416666666666666,1
245,45,0.8860983935483814,0.536466150724384,0.0194472160512137,0.028899216175751172,0.672932301448768,0.0,0
270,6,0.9127186436515361,-0.33438744391663167,-0.0005359688700081091,0.0008014189524139774,-0.6687748878332633,0.0,0
272,5,0.9101381869726592,0.7753439683996519,0.0014489937548330589,0.0012592412838388725,1.150687936799304,0.0,0
276,12,0.8813061990305503,0.4674985265549062,0.01576760726561597,0.02947232545293954,0.5349970531098124,0.0,0
278,6,0.905337013583346,0.36767078188434,0.0006189092761415799,0.001845608606300012,0.3353415637686799,0.0,0
280,5,0.9076859590893754,-0.2482610360709811,-0.0032326189857849893,0.006510524238811162,-0.4965220721419622,0.0,0
282,5,0.9055313141154006,-0.3390863557491257,-0.005778728521233517,0.008521027790202402,-0.6781727114982514,0.0,0
284,5,0.915729832745525,-0.349063750184417,-0.005633212357160034,0.008069030877860994,-0.698127500368834,0.0,0
307,6,0.9239892561745667,0.7534098196942363,0.043987905550613327,0.0397426138687935,1.1068196393884726,0.0,0
309,7,0.9264999815134817,0.6807411587727367,0.04169449191712327,0.04336480365396978,0.9614823175454733,0.0,0
311,16,0.8986239826230273,0.5625269193186129,0.024274832877405342,0.033480041872519545,0.7250538386372256,0.0,0
318,17,0.8894843057257871,0.4784488920754667,0.025943859244504014,0.04658639337927869,0.5568977841509334,0.0,0
320,6,0.9088991907019874,-0.9329874109992108,-0.00973354325846497,0.005216331508718077,-1.8659748219984216,0.0,0
322,22,0.891875131158898,-0.6337674874805012,-0.007424823806485548,0.005857687521966788,-1.2675349749610023,0.0,0
336,6,0.8997905383026086,0.7092539438295202,0.0048367979953493345,0.004748905780657557,1.0185078876590403,0.0,0
346,17,0.8887206298762851,0.5525769445007693,0.019671557956237033,0.02789682970350052,0.7051538890015387,0.0,0
353,17,0.8929862083976114,0.9609595304431655,0.005309168349373551,0.0034884695814780143,1.5219190608863309,0.0,0
381,7,0.9022417342884319,1.1956361775027229,0.0028489312588868623,0.0014307089895189507,1.9912723550054456,0.0,0
389,6,0.8847844214275545,1.0198867271117242,0.011576419379625816,0.007059767524476781,1.6397734542234486,0.0,0
414,9,0.8887699248109706,-0.5260396211187537,-0.00785181760045738,0.007463142779776306,-1.0520792422375074,0.0,0
425,13,0.8920443310482239,-0.57736391310916,-0.0016012807802483068,0.001386717063442064,-1.15472782621832,0.0,0
427,7,0.9035573979254706,-0.14974032809567578,-0.0003640854931839455,0.0012157229044914173,-0.29948065619135156,0.0,0
429,5,0.907763960439296,0.20360243251896387,1.7002301837204093e-05,0.002359836270034322,0.007204865037927741,0.0,0
452,5,0.9168290843610526,-0.652025365694791,-0.0031003312188638567,0.0023774621218609943,-1.304050731389582,0.0,0
454,5,0.9039695168022333,0.3190056294104606,0.004294924583585458,0.01804504797320089,0.23801125882092128,0.0,0
456,6,0.8967377461941685,0.5131628364166749,0.012779622425933057,0.0204041171873429,0.6263256728333497,0.0,0
585,6,0.9124613242993984,-0.8597731192492095,-0.010448273040737756,0.006076180335727193,-1.719546238498419,0.0,0
603,11,0.9026652692823292,0.20454795801847023,0.0001446817997108386,0.015906237384256304,0.00909591603694045,0.0,0
610,6,0.9077253548386817,-0.25286639579951065,-0.004134799914958871,0.008175858840170316,-0.5057327915990213,0.0,0
628,26,0.8921099728408804,0.6884331926876336,0.02340858758321995,0.02396293693146934,0.9768663853752672,0.0,0
636,17,0.8932660199393626,0.6965593222743022,0.03234536270229521,0.032569484904793965,0.9931186445486043,0.0,0
657,15,0.8836896083443615,-0.6960875853301173,-0.01045473498381883,0.007509640456280158,-1.3921751706602346,0.0,0
659,35,0.8846555060439253,-0.6419616725348578,-0.010164184053330243,0.007916503810263173,-1.2839233450697156,0.0,0
696,7,0.8929431658273043,-0.9927739028543269,-0.011126194388308929,0.005603589274617301,-1.9855478057086537,0.0,0
724,7,0.906410611414746,0.9699459964465993,0.023869100663110487,0.015500503134810417,1.5398919928931987,0.0,0
756,7,0.9113291186787745,0.44907989025842643,0.008276964220161862,0.016615079225332705,0.4981597805168529,0.0,0
762,10,0.9025107107745493,0.7609741724417804,0.04142324883035427,0.036920816380947824,1.1219483448835608,0.0,0
768,36,0.8819779054605954,0.5889493232087698,0.02502633205037124,0.03217171307036608,0.7778986464175396,0.0,0
775,5,0.9092974203003175,0.379396879408814,0.0017036926538112993,0.00474838988121104,0.358793758817628,0.0,0
822,8,0.9082476918103023,1.1028857137055943,0.008549478614133571,0.004734529788407593,1.8057714274111885,0.0,0
824,11,0.8996264614827404,-0.06398874180957269,-0.0004322209605822719,0.0033773203563569037,-0.12797748361914538,0.0,0
851,5,0.9209419517559233,3.725592204136282,0.007409457702495163,0.0010508103707800164,7.051184408272563,0.0,0
853,8,0.9097940548499177,0.7673219168150955,0.004617400388780187,0.004069471187277534,1.1346438336301912,0.0,0
873,7,0.9149911066025714,-0.3238634443286619,-0.002923599668426573,0.004513630234630088,-0.6477268886573238,0.0,0
898,9,0.8853800303444159,-0.4545855639524848,-0.00433272838363135,0.004765580703838876,-0.9091711279049696,0.0,0
900,15,0.8922096261233439,-0.6081019416275047,-0.005265602184898712,0.0043295390332137584,-1.2162038832550095,0.0,0
947,8,0.9024747308559181,0.9645757417757959,0.02074399560158941,0.013565690400672155,1.5291514835515916,0.0,0
958,57,0.8954282151602188,0.9091415803912275,0.017823731127057176,0.012661086458539677,1.4077568449929814,0.017543859649122806,1
993,6,0.9097028314709087,-1.210441610276455,-0.0019210429438347072,0.0007935297859580177,-2.42088322055291,0.0,0
1003,6,0.8921818178755342,0.5092046034027274,0.004978226355767804,0.008050052135355583,0.6184092068054549,0.0,0
1011,11,0.8822323771456696,0.6241060210985163,0.010527131113194355,0.012410966349790388,0.8482120421970325,0.0,0
1034,10,0.9053212852593436,-3.069638441333234,-0.005608252848631525,0.0009135038141814018,-6.139276882666468,0.0,0
1037,9,0.8999295992264,-4.902578562494594,-0.0051203516130608594,0.0005222100520971005,-9.805157124989188,0.0,0
1040,8,0.9120804950719058,-2.570402825576991,-0.006121089007129916,0.0011906867177046239,-5.140805651153982,0.0,0
5,8,0.9282962365348264,0.28661410114964414,0.0009172942993422857,0.00529529422557573,0.1732282022992883,0.0,0
8,5,0.9346592169935963,0.24097120634937524,0.00017165871667019545,0.002094870177929396,0.0819424126987505,0.0,0
14,7,0.9360277625552325,-1.189297101085562,-0.008537545954589915,0.003589324293650866,-2.378594202171124,0.0,0
18,9,0.9101717039697562,-0.7182183378149696,-0.005878001847704058,0.0040920716850440355,-1.4364366756299392,0.0,0
32,6,0.909889757400043,-1.0292375398699127,-0.018922268973842065,0.009192372139979312,-2.0584750797398255,0.0,0
34,5,0.9159803382136861,-1.2172775506682654,-0.00815403156059694,0.003349290207529298,-2.4345551013365307,0.0,0
36,7,0.9043739022629556,-1.2471548871984832,-0.007272563711921726,0.002915661794124977,-2.4943097743969664,0.0,0
38,17,0.8893316275893182,-0.6654082292922103,-0.008278686885850763,0.006220757815586936,-1.3308164585844207,0.0,0
40,5,0.9303416427315694,-4.447132946506219,-0.010107088319843058,0.001136360037064267,-8.894265893012438,0.0,0
64,6,0.9125741220177068,-1.3620190864840278,-0.01024878992701555,0.0037623518013511098,-2.7240381729680556,0.0,0
66,18,0.8899737850311905,-0.6537668536348114,-0.014607083994313427,0.011171477961218894,-1.3075337072696227,0.0,0
74,17,0.898235991566597,-0.7832021262169686,-0.00738880249028391,0.00471704700673719,-1.5664042524339372,0.0,0
76,7,0.8943464722764782,-0.31482103397575484,-0.003854771105286829,0.006122162576951092,-0.6296420679515097,0.0,0
88,5,0.8967564381814785,-1.0050771233187235,-0.008746685622873823,0.0043512509736529596,-2.010154246637447,0.0,0
90,10,0.8881368624429268,-1.1649687361088419,-0.009980880655868682,0.0042837547251294555,-2.3299374722176838,0.0,0
92,7,0.8921986126083673,-1.375757754581778,-0.00932605038754229,0.003389423158431461,-2.751515509163556,0.0,0
98,13,0.8900820532744722,-0.35393772411292057,-0.015943532115247225,0.022523075429733773,-0.7078754482258411,0.0,0
100,34,0.8826918457214707,-0.4452269364648501,-0.01922901475969189,0.021594621961074884,-0.8904538729297002,0.0,0
102,14,0.8895325665540174,-0.32984922776362247,-0.019470288761271097,0.029513922002000186,-0.6596984555272449,0.0,0
106,7,0.9091280619499225,0.3550253820084842,0.00036696753859599116,0.0011835724377570246,0.31005076401696835,0.0,0
108,9,0.9115030636844023,0.4503942387143566,0.009779711891964672,0.01952862801911573,0.5007884774287131,0.0,0
110,8,0.9195764576068743,0.6600682870243413,0.006252914119301985,0.006795636969182312,0.9201365740486824,0.0,0
112,10,0.9031544015724773,0.6954992198772805,0.014326714410298346,0.014456848603966137,0.990998439754561,0.0,0
114,32,0.8735917964421752,0.6518079104582917,0.017326871106124853,0.01917504176559163,0.9036158209165834,0.0,0
116,5,0.9150049082156301,1.4285191529612256,0.013426698329397597,0.005464586488958617,2.457038305922451,0.0,0
118,5,0.8985238186205298,1.498721753771687,0.01598365532745748,0.006153610379220374,2.597443507543374,0.0,0
132,6,0.901881873881209,-1.9458398318159777,-0.006564102406248611,0.0016867016233608975,-3.8916796636319555,0.0,0
134,9,0.8996794157090622,-0.14090760728915752,-0.0015717878151150797,0.0055773703256829935,-0.28181521457831504,0.0,0
136,10,0.8958491136063784,-1.0281480257681004,-0.022729840497757114,0.011053778214852036,-2.0562960515362008,0.0,0
138,67,0.8938671855539002,-0.5151737607237239,-0.031281683557437906,0.03009872118404169,-1.0393027453280448,0.014925373134328358,1
147,48,0.8992680282764898,-0.31412686355522923,-0.019986970746026973,0.031192905948686667,-0.6407537271104584,0.020833333333333332,1
173,75,0.8983281237505293,-0.4814678754318822,-0.030566124977891795,0.0314810994967479,-0.9709357508637644,0.013333333333333334,1
199,9,0.9003168970699517,0.5988438334790747,0.022366078095977585,0.028038640964911668,0.7976876669581494,0.0,0
211,6,0.9108569987089682,0.8461653214355542,0.11283189354457646,0.08730884326467978,1.2923306428711083,0.0,0
213,24,0.8882063265942454,0.7149569260826469,0.04201343998645415,0.040793159445447764,1.0299138521652937,0.0,0
217,171,0.9112280145070515,0.6362730494020978,0.014196194293498006,0.01633554032087073,0.8690373268743712,0.005847953216374269,1
221,160,0.9134351406762459,0.6565147011305883,0.013496717026610903,0.01478234654128926,0.9130294022611765,0.0,0
225,48,0.9001863144817307,0.6484373291958896,0.011490543558858724,0.012811760764277659,0.896874658391779,0.0,0
236,27,0.8884726788482561,-0.5038757839297195,-0.023674298833952417,0.023492197471087935,-1.007751567859439,0.0,0
273,51,0.8905113325944886,0.6975962724385386,0.01866866689058396,0.018983260540669025,0.9834278389947243,0.0196078431372549,1
294,9,0.8967198356764742,0.5231301400597786,0.003400166521705974,0.005261295837455689,0.6462602801195573,0.0,0
296,5,0.9195677697746047,-0.3426211866238296,-0.0021612976709676755,0.00315406308095682,-0.6852423732476592,0.0,0
298,5,0.9030072734292858,-1.48358722075916,-0.007382626275833243,0.00248809984762996,-2.96717444151832,0.0,0
319,9,0.9079890402078424,-2.7629313208864166,-0.025744345433291228,0.004603345644419117,-5.5925293084395,0.1111111111111111,1
330,22,0.9016781608448508,-0.8248155927337024,-0.009952314232128322,0.006033054127373595,-1.6496311854674048,0.0,0
332,5,0.9225580981871364,-0.19282629944744806,-0.0008035402817437598,0.002083585807657821,-0.3856525988948961,0.0,0
350,14,0.8882746188883202,0.26481109468815,0.0004077643663594734,0.0031457913827987604,0.12962218937629993,0.0,0
361,5,0.9129258405188343,-1.0345851537358968,-0.010879067641077548,0.005257695609584737,-2.0691703074717935,0.0,0
431,95,0.8875373541463457,0.7145605513814206,0.013080156559299005,0.012710026569451565,1.029121102762841,0.0,0
434,5,0.8988795433186849,0.6936442048915997,0.014133213692400937,0.014315182425269711,0.9872884097831994,0.0,0
442,47,0.8973039001170061,0.6390697156316119,0.016077959232647394,0.018309118871383423,0.8781394312632236,0.0,0
464,5,0.8987307490151333,1.0906601626296955,0.0035537119910889906,0.0019949876171606075,1.781320325259391,0.0,0
466,8,0.9055056426874344,1.2622446330503894,0.004597582347398642,0.002164088292070734,2.124489266100779,0.0,0
468,25,0.8912677482306042,0.607082657963296,0.014449445449452803,0.017747557119905142,0.8141653159265918,0.0,0
495,5,0.9323065108610422,-0.39663699106808836,-0.005085616163294636,0.0064109201585053595,-0.7932739821361767,0.0,0
535,89,0.8849455293395695,0.6161392173305128,0.013526738232081382,0.01638538369494144,0.8255368616273178,0.011235955056179775,1
547,5,0.9310368211161923,0.815676057751181,0.0043894961502464885,0.003564777365453812,1.2313521155023621,0.0,0
557,17,0.8854233033993484,-0.7057990389404076,-0.01190284215023153,0.008226488598819887,-1.4468921955278742,0.058823529411764705,1
576,19,0.8883064652984031,-0.6389737744132158,-0.019984012405647122,0.01563758420601761,-1.2779475488264316,0.0,0
578,23,0.8718682231758218,-0.635985874246767,-0.03216309538262489,0.025286013954883363,-1.271971748493534,0.0,0
620,5,0.9059187064110701,0.6622175150628145,0.0034741089118948943,0.0037580887771234387,0.924435030125629,0.0,0
623,58,0.8766450827579307,0.6719740238714341,0.016611187704338424,0.017597565611855916,0.9439480477428682,0.0,0
626,114,0.8865687039346734,0.6961282287234112,0.013307987586507896,0.013411842761649256,0.9922564574468222,0.0,0
629,120,0.8849961440207714,0.6487957194717178,0.014143891296563916,0.01584587380011857,0.8925914389434354,0.008333333333333333,1
665,7,0.8979846733048077,-0.4036697293666364,-0.003362919948608989,0.004165434888919536,-0.8073394587332728,0.0,0
693,5,0.8907307066549868,1.2806405435415853,0.015306139099488747,0.007081975218755863,2.1612810870831707,0.0,0
694,13,0.877138938340537,0.896505030104138,0.009123395847214335,0.0065494113128301825,1.3930100602082758,0.0,0
696,77,0.8733645698097146,0.6295014784998391,0.015612685918141429,0.018341739613459772,0.8512107492074703,0.012987012987012988,1
709,9,0.8799407150783,-0.12435593327040667,-0.0007035510648568346,0.0028287796422507352,-0.24871186654081334,0.0,0
710,6,0.8880881711058287,-0.4027528059856496,-0.00135217643039275,0.0016786679202440231,-0.8055056119712992,0.0,0
712,7,0.8878139553256188,-0.5875512120536299,-0.00141146605830965,0.0012011430062208906,-1.1751024241072598,0.0,0
713,5,0.8920225423092578,-0.5091648750524362,-0.001141431311114429,0.0011208857553232426,-1.0183297501048725,0.0,0
743,7,0.8991510620216826,2.23568270709042,0.0055485625263949085,0.0013628259716184873,4.07136541418084,0.0,0
792,12,0.8755456425116109,-0.6898680397339761,-0.01432281033857402,0.010380833372203413,-1.3797360794679523,0.0,0
794,21,0.881237293792969,-0.5920590079864485,-0.014225638020117691,0.012013699503110422,-1.184118015972897,0.0,0
796,23,0.8751465965888572,-0.6149567596942863,-0.0121652973048478,0.00989118105710029,-1.2299135193885726,0.0,0
824,9,0.8953379883562746,0.4366829777763903,0.002899594760341778,0.006125482253905925,0.47336595555278055,0.0,0
852,13,0.8971863390347348,-0.7311442766597891,-0.0068660289020653405,0.004695399472613387,-1.4622885533195782,0.0,0
865,18,0.8857260462528694,-0.6355603376469939,-0.016408922417755864,0.012909020155746243,-1.2711206752939879,0.0,0
875,17,0.8966018547751955,-0.5851606257027809,-0.015104476922390623,0.012906265612326587,-1.1703212514055619,0.0,0
894,7,0.909126150612092,-1.107043587496482,-0.007584506641454795,0.003425568210284628,-2.214087174992964,0.0,0
947,5,0.9041412588129354,0.8663036335160212,0.004983613497058769,0.0037397466007807224,1.3326072670320424,0.0,0
992,8,0.8876118063018088,-1.038048317596056,-0.005734347074382404,0.002762081002001034,-2.076096635192112,0.0,0
995,13,0.8862627702894204,-0.38931894040859544,-0.026526327294835585,0.0340676044003868,-0.7786378808171909,0.0,0
25,5,0.8930057791198788,-0.6439244911218084,-0.007360037034546042,0.00571498454867263,-1.2878489822436168,0.0,0
47,5,0.9100857980335665,-0.6267191093690246,-0.01208318548111011,0.009640032751893712,-1.2534382187380493,0.0,0
57,7,0.8953938320434102,-0.5654072643823113,-0.013479022915054845,0.01191974684812392,-1.1308145287646225,0.0,0
59,31,0.8988267477954559,-1.1262102210469533,-0.025432184846170502,0.011291046898210578,-2.2524204420939067,0.0,0
65,114,0.9051987984877666,-0.6544393171567594,-0.022479951655174548,0.017037947033183228,-1.3194049501029925,0.017543859649122806,2
68,110,0.8935785434629427,-0.529056915011869,-0.02071204311348427,0.019374741839408783,-1.069022920932829,0.01818181818181818,2
71,38,0.8944950005454091,-0.5243127430521312,-0.022570314158229788,0.02120443155244182,-1.064414959788473,0.02631578947368421,1
104,10,0.8818131074711031,1.364378060665161,0.023516776198090908,0.010098428076125356,2.328756121330322,0.0,0
106,56,0.8764635013996523,1.065853155061109,0.023590130945432303,0.013622477903754586,1.731706310122218,0.0,0
108,7,0.8958252868350519,1.4413445104654414,0.020567058902074997,0.00828418651255943,2.482689020930883,0.0,0
134,12,0.9104493695774526,-1.6989389407973232,-0.017057648499164583,0.005020088741729387,-3.3978778815946464,0.0,0
153,8,0.8995478311328176,-1.2604709615292606,-0.02475858040880743,0.009821162551324942,-2.5209419230585213,0.0,0
167,5,0.9071966516811087,-1.0593245436079504,-0.010041210968628325,0.004739440348672086,-2.1186490872159007,0.0,0
182,8,0.8798867431275734,0.4270070423351086,0.008340990803415427,0.018371656486106776,0.4540140846702172,0.0,0
189,13,0.8917387289081176,-1.3339664302668002,-0.023906679276811612,0.008960749961312802,-2.6679328605336003,0.0,0
196,17,0.8901622511435082,-0.6725993777958398,-0.008843528428221033,0.006574142587822457,-1.3451987555916796,0.0,0
206,134,0.8985930340179258,0.891132530407464,0.020899213978298675,0.01516867786491237,1.3777874488746296,0.007462686567164179,1
224,202,0.9293603915339359,0.7729487425072155,0.018134305834364445,0.015866545152661782,1.1429271879847278,0.0049504950495049506,1
230,52,0.9034072093093936,0.7623384940161975,0.007887616669872017,0.0070132284680877845,1.124676988032395,0.0,0
233,14,0.901739497184232,-0.34633894947469895,-0.003986761008238256,0.005755577035567437,-0.6926778989493979,0.0,0
278,5,0.9125520338143038,-1.4327726576036437,-0.015913368988581318,0.005553347526605134,-2.8655453152072874,0.0,0
282,8,0.912546703200853,0.9367460855020402,0.019476122657923853,0.013217662802139124,1.4734921710040803,0.0,0
284,6,0.9205160623916019,1.3939660321468792,0.027220005060689348,0.011398986373064924,2.3879320642937585,0.0,0
286,5,0.91502518173052,1.0351515893287988,0.02584807370419272,0.015475079036230119,1.6703031786575977,0.0,0
288,5,0.892812554469814,1.179384512901021,0.0382297413907395,0.019517227854410176,1.958769025802042,0.0,0
320,8,0.9030802099344988,0.6217005237892494,0.001470354610212143,0.0017433635094878048,0.843401047578499,0.0,0
347,5,0.9004582844224783,-1.47905612294066,-0.018190902829638318,0.006149497151423557,-2.95811224588132,0.0,0
350,20,0.8752330328822904,-0.7015548342178272,-0.023990641335714706,0.016397021941195505,-1.4631096684356544,0.1,2
352,28,0.8693922400863884,-0.6991908777715214,-0.02426016256227016,0.01734874076131596,-1.398381755543043,0.0,0
353,10,0.870876408150713,-0.6226821244106951,-0.025814772201243764,0.020728692208464152,-1.2453642488213903,0.0,0
362,7,0.8952710090343325,1.9212386449012209,0.00944249216969814,0.002742935210544273,3.442477289802442,0.0,0
385,41,0.8890219877954972,0.7034029266649133,0.012681204443693674,0.012595481444364775,1.0068058533298265,0.0,0
399,47,0.8721881550447877,0.7570902656306522,0.015367723221348101,0.013792848456929255,1.1141805312613045,0.0,0
403,21,0.8719046149083043,0.7449281327260897,0.01762697297704256,0.01617366760719512,1.0898562654521793,0.0,0
405,36,0.8686705474194678,0.7978861559487964,0.017423261440575565,0.0145707182439492,1.1957723118975927,0.0,0
407,9,0.8836188277667123,0.5727083628386391,0.009168346867738044,0.012299625903091688,0.7454167256772783,0.0,0
410,23,0.8741794526558044,0.6472185867489311,0.011850980867237354,0.013249651533256272,0.894437173497862,0.0,0
455,5,0.9051985760070069,0.45695270798382315,0.0014403321848440462,0.0028027184382402475,0.5139054159676463,0.0,0
458,14,0.8811590969405981,0.9819963807500751,0.005569842046028968,0.003561296562962663,1.56399276150015,0.0,0
462,11,0.8923157068379255,1.5431218840229894,0.006609676580083774,0.0024605646958435826,2.686243768045979,0.0,0
512,11,0.8928421445917756,1.1866090390039277,0.007424336696882635,0.003762552542787457,1.9732180780078554,0.0,0
552,6,0.9174675360941592,-6.042643690954091,-0.009042753892407778,0.0007482448374330666,-12.085287381908183,0.0,0
554,12,0.903649371217094,-0.8424942977888021,-0.00777762492049574,0.004615832380651583,-1.6849885955776043,0.0,0
556,48,0.8835212824355961,-0.4648411977856029,-0.016415248101158287,0.01765683439780808,-0.9296823955712058,0.0,0
560,15,0.8981431244442305,-0.5253284651821899,-0.00529070842988187,0.005035619408180168,-1.0506569303643798,0.0,0
562,9,0.9071513828846702,-2.1828173478885784,-0.0026899124100892473,0.0006161560912760699,-4.365634695777157,0.0,0
564,7,0.9044808251256443,-1.0947214500481983,-0.0017655324073807919,0.0008063843123303463,-2.1894429000963966,0.0,0
568,7,0.9001932685635764,1.0606707455685815,0.003724294044577095,0.0021635997643423615,1.721341491137163,0.0,0
572,6,0.9177047086843887,0.3539893078496498,0.0006133929248129368,0.0019916737511796396,0.30797861569929963,0.0,0
574,9,0.9020390365850139,-0.24930501558402576,-0.0009354222812502401,0.0018760598920541278,-0.4986100311680515,0.0,0
576,5,0.9216800966351674,-0.3193656599713543,-0.002287733793380797,0.0035816840695802998,-0.6387313199427086,0.0,0
585,85,0.9060300668433015,-0.5896103907929188,-0.025407980043416538,0.021291512477540634,-1.193338428644661,0.023529411764705882,2
591,9,0.8955721133397946,-0.5531157692615135,-0.007874609338664792,0.007118409722053749,-1.106231538523027,0.0,0
598,10,0.8883398112794749,-0.6497339140758011,-0.013450312714063611,0.010350631560610236,-1.2994678281516021,0.0,0
600,22,0.8830457297816691,-0.6801942578678284,-0.01783613523015343,0.013111059836099977,-1.3603885157356568,0.0,0
624,9,0.8809599423325705,0.9368932007459825,0.007822585639633362,0.0053078150481740685,1.473786401491965,0.0,0
626,30,0.8716172274888044,0.7851135015419926,0.01646886346333177,0.014073221195486143,1.1702270030839852,0.0,0
628,85,0.883465131976304,0.8831906436374903,0.01869472942356942,0.01368192729048049,1.3663812872749805,0.0,0
650,11,0.8885432944733401,0.41144506867462594,0.002051427590183215,0.004850970521662945,0.4228901373492519,0.0,0
652,11,0.9035538710696898,-0.27944079695900387,-0.001103685623292639,0.001974811185953206,-0.5588815939180077,0.0,0
656,8,0.9172774190908415,-1.2326145680373521,-0.0035007405536497623,0.0014200467219951268,-2.4652291360747043,0.0,0
661,8,0.8828566900280671,-0.9216134732702439,-0.004296940200491602,0.0023312051771793127,-1.8432269465404878,0.0,0
673,18,0.8757918093653115,0.9868837610649488,0.016000552688730144,0.010167037039292432,1.5737675221298977,0.0,0
685,45,0.87973338088863,0.7822074880340544,0.011215460933794328,0.009631841881376075,1.1644149760681086,0.0,0
726,5,0.908438864801051,-1.7134291900341068,-0.004421971321095903,0.0012903863628609832,-3.4268583800682135,0.0,0
732,16,0.8828194453038607,-1.0330152995552835,-0.025735740599046722,0.012456611538147616,-2.066030599110567,0.0,0
758,5,0.9198801622612784,-0.31629235680701673,-0.005097451876824483,0.00805813319089252,-0.6325847136140335,0.0,0
875,10,0.8950374314668063,-0.4795224834870418,-0.02982815983103526,0.031101940845534214,-0.9590449669740836,0.0,0
878,11,0.8980761973802222,-0.2962264900800795,-0.008007308668601887,0.013515517579871494,-0.592452980160159,0.0,0
898,7,0.895415500358877,0.7345176492227721,0.011650659652279205,0.010898292759107317,1.0690352984455442,0.0,0
910,8,0.891738615941721,1.6829653890537868,0.005649253026777336,0.001904715062292138,2.9659307781075737,0.0,0
915,16,0.8844726212060209,1.0270178244019863,0.012615644012397257,0.007627189910640431,1.6540356488039725,0.0,0
935,6,0.9048195291868198,1.2947972836940884,0.004335705839970362,0.0019801409377545815,2.189594567388177,0.0,0
950,7,0.9009446423164543,-0.0813618960657523,-0.0011352804317305662,0.006976732884968007,-0.1627237921315046,0.0,0
973,9,0.8849939697985183,-0.5549068449880821,-0.014226793194709871,0.012819082448888719,-1.1098136899761641,0.0,0
993,7,0.903580841435721,-0.7867373592885586,-0.030149386578750097,0.019161023830121648,-1.5734747185771172,0.0,0
995,8,0.9040041045003058,-0.6063301654024551,-0.03023832331898406,0.024935526091558715,-1.2126603308049102,0.0,0
997,7,0.8996951551187824,-0.41314421907278154,-0.02063215540329406,0.0249696769926961,-0.8262884381455631,0.0,0
999,5,0.9119780812453129,-0.145694257180057,-0.003831609303925181,0.013149486390496049,-0.291388514360114,0.0,0
1001,8,0.8915616363365869,-0.4025668821361155,-0.010237531762805424,0.01271531789759089,-0.805133764272231,0.0,0
1003,9,0.8862198118411393,-0.14701872673294644,-0.004839652999273419,0.01645930796307484,-0.2940374534658929,0.0,0
1016,9,0.8973248234466246,-2.6959730897009595,-0.030980272478133983,0.005745656845849739,-5.391946179401919,0.0,0
1029,24,0.8828582402610059,-0.769160155792987,-0.0367208146234767,0.023488989653197668,-1.563320311585974,0.041666666666666664,1
1034,6,0.9276737622585625,-3.958495548423238,-0.07922208458718498,0.01000659008177248,-7.916991096846476,0.0,0
1040,6,0.9399770206521413,-1.453512653856504,-0.0355782451930839,0.012238711888295783,-2.907025307713008,0.0,0
1056,8,0.9217050046788241,-1.2022689616763178,-0.041999190643956935,0.017466636827003196,-2.4045379233526356,0.0,0
5,130,0.8898434171007842,1.2733380317844514,0.004617494546352565,0.0021556320004008454,2.142060678953518,0.007692307692307693,1
7,73,0.8806162202936638,1.0094768420867608,0.0038416729115215965,0.002372935649164526,1.6189536841735215,0.0,0
9,7,0.8936765547800426,0.20098806633563113,3.919562994484612e-06,0.0019834513398237497,0.0019761326712622587,0.0,0
15,6,0.9063816727669453,-1.0955302307995174,-0.00446021827120661,0.002035643629820943,-2.191060461599035,0.0,0
17,35,0.8775698978871054,-1.218242104385577,-0.005753620082491636,0.0023614436169046575,-2.436484208771154,0.0,0
19,167,0.8873341131772344,-0.45382072798318923,-0.010391129808754713,0.011448496254163637,-0.9076414559663785,0.0,0
22,97,0.8851490599327012,-0.3301802951960666,-0.00853728239677186,0.01292821304145706,-0.6603605903921332,0.0,0
48,34,0.8893365179044971,2.124936105556196,0.004880600898764936,0.0012677306235457416,3.8498722111123924,0.0,0
51,61,0.880784510674127,1.226540710602905,0.003392661902197599,0.0016524731397184582,2.05308142120581,0.0,0
53,25,0.8843033170652106,0.9173049559543247,0.0021025154003483397,0.001465565923457958,1.4346099119086495,0.0,0
55,11,0.8897599973474772,0.5489100389563839,0.0015333841282074905,0.002197391815944817,0.6978200779127678,0.0,0
57,11,0.8973406357864143,0.3549108332629093,0.0005608936134837678,0.0018103756905491523,0.3098216665258185,0.0,0
59,9,0.8978794776602995,0.27841792334170734,0.00029826028931193585,0.001901735449001001,0.15683584668341471,0.0,0
61,7,0.8877313516544092,0.37575323368235547,0.0004919456530460441,0.001399535140090661,0.351506467364711,0.0,0
77,12,0.8780184091438862,-0.6391665656494674,-0.007038910301370005,0.00550631922855481,-1.2783331312989348,0.0,0
79,23,0.8744321112070459,-1.2545740558990095,-0.007408088718506217,0.002952431816867793,-2.509148111798019,0.0,0
85,58,0.8700674872338415,-0.5928127003894178,-0.009681931734686684,0.008095462165410607,-1.1959702283650424,0.017241379310344827,1
88,215,0.9079559840436093,-0.41930644547035845,-0.012594895722754762,0.014968911344298728,-0.8414035886151355,0.004651162790697674,1
108,44,0.8900321087974706,-0.43624180087196146,-0.0031672260144929476,0.0036301266959771926,-0.8724836017439229,0.0,0
111,16,0.900965685217549,-0.4174506576991297,-0.008952843574521266,0.010723235679956542,-0.8349013153982594,0.0,0
114,14,0.9034806465558605,0.4092781774603846,0.016730149002018604,0.03997107869783878,0.41855635492076915,0.0,0
117,9,0.9038406662085148,0.5059939831432837,0.025591375234852727,0.04181679484669703,0.6119879662865674,0.0,0
119,6,0.9060226460368278,0.6780092542900417,0.050660750879474296,0.052991391301322875,0.9560185085800833,0.0,0
121,5,0.9031904618380997,0.6428157820892813,0.06546880485677162,0.07392329666738445,0.8856315641785626,0.0,0
138,20,0.8922480958480223,-0.4426251516514167,-0.011709118792365553,0.012387320851897424,-0.9452503033028333,0.1,2
141,131,0.8921946048726216,-0.5280523089247329,-0.009960571677838845,0.009350323530773431,-1.0652649231929772,0.015267175572519083,2
158,20,0.8875862241560906,-0.036554866965128725,-0.00021272281288383827,0.0029096373553590526,-0.07310973393025745,0.0,0
160,5,0.9214777485007744,2.0119034790681254,0.004518052260998202,0.0012467695749780964,3.623806958136251,0.0,0
162,10,0.8919863138654023,2.6178622056278025,0.007264516671738888,0.0015022602724898964,4.835724411255605,0.0,0
167,116,0.8981249846438821,1.0844803941980896,0.004101933794364557,0.0023256382984651767,1.7637883746030758,0.008620689655172414,1
171,65,0.884513612814011,1.000757047707641,0.004639119320376786,0.0029135011615635084,1.592283326184513,0.015384615384615385,1
174,18,0.8900605083023678,1.6388204401594777,0.005332857000990829,0.001853204490339232,2.8776408803189555,0.0,0
176,12,0.8874588619001083,3.304010117905321,0.006051279977955257,0.0009747519737530434,6.2080202358106416,0.0,0
192,37,0.8929084354410083,0.820130512226801,0.0039049961836869996,0.003148527694327369,1.2402610244536019,0.0,0
200,15,0.892241477332383,1.0688369836183567,0.002266283888070411,0.0013349346999525582,1.6976739672367134,0.06666666666666667,1
249,6,0.9099999124655921,-1.244407281329425,-0.0025324281904210615,0.0010175238559017505,-2.48881456265885,0.0,0
326,7,0.8960843706016669,0.6579100193801395,0.0015977891532142114,0.0017446540647626534,0.915820038760279,0.0,0
339,6,0.9069208279904917,0.789055337971132,0.0018269258667318949,0.0015507251602407408,1.1781106759422642,0.0,0
341,32,0.8760360453895734,1.366963903601292,0.003568821830020953,0.0015291054928980418,2.333927807202584,0.0,0
388,66,0.8991020956385373,0.9781430037202505,0.003053817640345639,0.0019737767031469886,1.5471950983495921,0.015151515151515152,1
393,10,0.9149363104681839,-0.5867252702667797,-0.0012230077832641989,0.0010422320677513227,-1.1734505405335593,0.0,0
397,10,0.8889235401574875,-0.9322400254469704,-0.0036865009740708063,0.0019772273628260503,-1.8644800508939408,0.0,0
402,11,0.8952383945320226,-1.1286084152326883,-0.004400436591811846,0.0019494966245243686,-2.2572168304653766,0.0,0
415,5,0.9029913786008432,0.5442993169795594,0.0006586878834260272,0.0009565628668748316,0.6885986339591186,0.0,0
417,5,0.913452704310514,1.579210553180924,0.0027369782009973934,0.0009922263843925062,2.758421106361848,0.0,0
419,14,0.9033370404600366,1.4232290771550151,0.003699172186692376,0.0015390125769902069,2.4036010114528876,0.07142857142857142,1
438,5,0.9063190908048002,0.5528844927312935,0.0006214225321403831,0.0008804899973510171,0.7057689854625868,0.0,0
440,6,0.8985318411544823,-0.5231246564373309,-0.0006427227924814888,0.0006143113162153976,-1.0462493128746617,0.0,0
461,17,0.89318463150215,0.6661839060809518,0.002968307255360418,0.0031836226182859455,0.9323678121619036,0.0,0
463,6,0.9150979916583135,-0.5864739327012025,-0.0017277288064259735,0.001472980050850972,-1.172947865402405,0.0,0
466,12,0.8967523189834546,-1.1479160805226039,-0.0036586038431304702,0.0015935850648005744,-2.2958321610452077,0.0,0
518,5,0.9200659308070216,0.4642654897235602,0.0003030956521151413,0.0005734680915623909,0.5285309794471204,0.0,0
545,8,0.9144303880109228,1.80243923584187,0.010365674185511955,0.0032343423555983276,3.20487847168374,0.0,0
547,52,0.8852367372658675,0.8749533440983444,0.00490270403977104,0.003663195182100673,1.3383682266582273,0.019230769230769232,1
562,7,0.8992453068292868,1.1183262442121948,0.0023558391386782835,0.0013454724644375875,1.750938202710104,0.14285714285714285,1
567,84,0.8835292451657268,1.354089028357904,0.0035590179421336613,0.0015419165483262637,2.308178056715808,0.0,0
571,90,0.894737054869714,1.1535794389782614,0.0037077058806998095,0.001950918745509304,1.9004922112898561,0.011111111111111112,1
576,9,0.9048349116321189,0.42752877635450354,0.001072589593483493,0.002357041624951065,0.45505755270900705,0.0,0
578,5,0.9134773285306153,0.882240576920408,0.0023365988480718966,0.0017124449403311366,1.3644811538408161,0.0,0
599,6,0.8972701391642114,1.0020397950028623,0.004813803165893994,0.003000975260757987,1.6040795900057245,0.0,0
606,50,0.8861741449082247,1.1808060397296847,0.003742086642508044,0.0019194006243261124,1.9496120794593694,0.02,1
631,55,0.8927296731568762,-0.9289261092481746,-0.006921917184850801,0.0037040135356039977,-1.8687613094054403,0.01818181818181818,1
650,8,0.8889060690058397,0.6153434984237915,0.002532296475639985,0.0030484363969219786,0.8306869968475831,0.0,0
688,9,0.8974195661117768,1.8386609673225998,0.0025501350285446716,0.0007781155099798725,3.2773219346451996,0.0,0
711,77,0.8929018570762175,1.1275034166813807,0.004530334634770668,0.002452522068663988,1.8472146255705535,0.012987012987012988,1
738,29,0.8946044586685533,1.137978846961983,0.004538324042633176,0.002446182410217721,1.855268038751552,0.034482758620689655,1
799,6,0.9044336403361498,-1.0445814077054216,-0.005662969512378855,0.002710640583206631,-2.0891628154108433,0.0,0
801,5,0.9164017205690295,-5.524681882324773,-0.006046540715853423,0.0005472297631469282,-11.049363764649547,0.0,0
839,43,0.8738103592380418,-0.4523055959545851,-0.011224646732003333,0.012408255427742234,-0.9046111919091702,0.0,0
841,12,0.9150429277153108,-0.5495753749751294,-0.006848027050477048,0.006230289203539141,-1.0991507499502589,0.0,0
843,14,0.9172739383531836,-0.7168062193687023,-0.008310983231209329,0.005797231529693539,-1.4336124387374045,0.0,0
845,13,0.9153094637682635,-0.7870627130777107,-0.013303928484869802,0.008451631784744602,-1.5741254261554214,0.0,0
847,12,0.9074640464237581,-0.7410342926466196,-0.014147379880405332,0.009545698505987939,-1.4820685852932391,0.0,0
849,11,0.90072756546596,0.3807547773468794,0.013556218687541961,0.03749892225953938,0.3615095546937588,0.0,0
852,10,0.9039186807575785,0.5242451286536747,0.03832108087054944,0.05909276267258911,0.6484902573073493,0.0,0
855,7,0.923934007598244,2.4432489847625076,0.007394532076907079,0.0016481746179615319,4.486497969525015,0.0,0
857,6,0.9200843308965047,1.7618676075830992,0.008271208541487638,0.002647858404044521,3.1237352151661986,0.0,0
867,14,0.8840020582263789,0.8602615759201875,0.005257803025530357,0.003981606091648381,1.3205231518403748,0.0,0
872,8,0.8783902464221363,-0.8705720631131437,-0.0034982344255429,0.0020091584452143468,-1.7411441262262874,0.0,0
899,5,0.924624865608118,-1.0825145081094105,-0.010202073100627557,0.004712210794497928,-2.165029016218821,0.0,0
902,13,0.8999817093276954,-0.9060194620652439,-0.008278519483191553,0.0045686212216241575,-1.8120389241304877,0.0,0
917,5,0.9113587651558921,1.2262426718996748,0.0029892109589058405,0.0014563860189971056,2.0524853437993498,0.0,0
924,6,0.8963766184332411,1.2630394955945476,0.007664047160335083,0.0036047800632509216,2.1260789911890954,0.0,0
952,11,0.9054615301067005,-0.020125067501790668,-6.99055603261146e-05,0.0017367782821074915,-0.040250135003581336,0.0,0
984,100,0.8802999758744519,-0.3503528458584808,-0.016649152841376587,0.023558820930006937,-0.7067056917169616,0.01,1
987,110,0.8755662186731781,-0.5588040831181745,-0.012511038544706319,0.011140106794098412,-1.1230627116908944,0.00909090909090909,1
1007,14,0.9149788540823282,-0.6767353999337354,-0.00970400994730052,0.0071697224264097295,-1.3534707998674709,0.0,0
1048,13,0.9249640015928688,1.2465853592680864,0.0977050864628841,0.04667803041464896,2.093170718536173,0.0,0
1060,5,0.9560165589955195,9.73235787610593,0.1167470642102995,0.006123724356957941,19.06471575221186,0.0,0
